{"cameraMode":{"drawMode":0,"name":"Shaded","section":"Shading Mode"},"sceneLighting":false,"audioPlay":false,"sceneViewState":{"showFog":true,"showMaterialUpdate":false,"showSkybox":false,"showFlares":true,"showImageEffects":true,"showParticleSystems":true,"showVisualEffectGraphs":true,"m_FxEnabled":true},"in2DMode":false,"pivot":{"x":0.6751817464828491,"y":0.5290156602859497,"z":-0.9818389415740967},"rotation":{"x":0.03476817160844803,"y":0.9566922187805176,"z":-0.2589194178581238,"w":0.12846678495407105},"size":1.1684811115264893,"orthographic":false}