{"cameraMode":{"drawMode":0,"name":"Shaded","section":"Shading Mode"},"sceneLighting":false,"audioPlay":false,"sceneViewState":{"showFog":true,"showMaterialUpdate":false,"showSkybox":false,"showFlares":true,"showImageEffects":true,"showParticleSystems":true,"showVisualEffectGraphs":true,"m_FxEnabled":true},"in2DMode":false,"pivot":{"x":0.04455298185348511,"y":0.5253575444221497,"z":0.9388731718063355},"rotation":{"x":-0.10347066074609757,"y":0.8897667527198792,"z":-0.25086334347724917,"w":-0.36699074506759646},"size":0.8684810996055603,"orthographic":false}